<?xml version="1.0"?> 
	<rss version="2.0"> 
	<channel> 
	<title>Sky Fruit</title> 
	<link>localhost</link> 
	<description>Feed Description</description> 
	<language>en-us</language><item>
					 <title>Sky Fruit</title>
					 <link>http://localhost/index.php?module=detail&id=MA-1</link>
					 <description>Makanan Banana</description>
					 </item><item>
					 <title>Sky Fruit</title>
					 <link>http://localhost/index.php?module=detail&id=MA-2</link>
					 <description>Makanan Banana</description>
					 </item><item>
					 <title>Sky Fruit</title>
					 <link>http://localhost/index.php?module=detail&id=MA-3</link>
					 <description>Makanan Banana</description>
					 </item><item>
					 <title>Sky Fruit</title>
					 <link>http://localhost/index.php?module=detail&id=MA-4</link>
					 <description>Banana</description>
					 </item><item>
					 <title>Sky Fruit</title>
					 <link>http://localhost/index.php?module=detail&id=MI-1</link>
					 <description>Minuman Milkshake</description>
					 </item><item>
					 <title>Sky Fruit</title>
					 <link>http://localhost/index.php?module=detail&id=MI-2</link>
					 <description>Minuman Mango</description>
					 </item><item>
					 <title>Sky Fruit</title>
					 <link>http://localhost/index.php?module=detail&id=MI-3</link>
					 <description>Minuman Sky</description>
					 </item><item>
					 <title>Sky Fruit</title>
					 <link>http://localhost/index.php?module=detail&id=MI-5</link>
					 <description>Minuman Sky</description>
					 </item><item>
					 <title>Sky Fruit</title>
					 <link>http://localhost/index.php?module=detail&id=MI-6</link>
					 <description>Minuman Milshake</description>
					 </item><item>
					 <title>Sky Fruit</title>
					 <link>http://localhost/index.php?module=detail&id=MI-4</link>
					 <description>Minuman Thai Tea And Green Thai</description>
					 </item></channel></rss>